user_id,event_count,action_diversity,map_diversity,active_first,active_last,positive_gold_delta,negative_gold_delta,active_minutes,action_entropy,event_attack,event_combat_start,event_damaged,event_gather_start,event_gather_success,event_item_drop,event_login,event_logout,event_market_buy,event_market_list,event_market_sell,event_monster_kill,event_monster_respawn,event_move,event_quest_complete,event_quest_start,event_respawn,event_rest,event_trade_gold,event_visit,session_count,total_play_time_sec,avg_play_time_sec,max_play_time_sec,device_group_count,ip_group_count,first_login,last_login,tx_sent_count,gold_sent,unique_receivers,tx_received_count,gold_received,unique_senders,max_receiver_share,largest_receiver_gold,market_trade_count,avg_price_deviation,max_price_deviation,suspicious_price_trade_count,net_gold_flow,ground_truth_type,device_group,ip_group,outflow_ratio
SYN_U001,134,17,5,2026-10-08 04:32:06.067000+00:00,2026-10-08 09:18:41.611000+00:00,231,0,286.59240000000005,2.5925615527326693,13,4,13,3,3,3,2,1,0,2,3,3,0,73,1,2,0,5,1,2,3.0,34391.286,11463.762,17195.742,1.0,1.0,2026-10-07 04:30:41.371000+00:00,2026-10-08 06:20:30.985000+00:00,1.0,17.0,1.0,6.0,98.0,4.0,1.0,17.0,1.0,0.0625,0.0625,0.0,81.0,normal,device_0,synthetic_ip_0,0.14782608695652175
SYN_U002,80,13,5,2026-10-08 04:30:24.067000+00:00,2026-10-08 07:54:37.687000+00:00,48,0,204.227,1.8879074618929526,4,1,4,3,3,1,2,1,0,0,1,1,0,56,0,1,0,2,0,0,3.0,24507.444,8169.148,12253.824,1.0,1.0,2026-10-07 04:29:40.369000+00:00,2026-10-08 06:20:30.985000+00:00,1.0,7.0,1.0,1.0,64.0,1.0,1.0,7.0,0.0,0.0,0.0,0.0,57.0,normal,device_1,synthetic_ip_1,0.09859154929577464
SYN_U003,68,13,4,2026-10-08 04:33:14.071000+00:00,2026-10-08 08:12:01.675000+00:00,110,70,218.7934,1.9979944592117713,4,1,4,0,0,1,2,1,1,0,1,1,0,46,0,2,0,0,2,2,3.0,26255.406,8751.802,13127.802,1.0,1.0,2026-10-07 04:29:41.371000+00:00,2026-10-08 06:20:30.985000+00:00,4.0,161.0,3.0,4.0,52.0,4.0,0.5652173913043478,91.0,2.0,0.0,0.0,0.0,-109.0,normal,device_2,synthetic_ip_2,0.755868544600939
SYN_U004,99,15,5,2026-10-08 04:32:21.067000+00:00,2026-10-08 09:08:25.621000+00:00,115,34,276.0759,1.8400453020072935,4,1,4,1,1,1,2,1,1,0,1,1,0,71,0,6,0,2,2,0,3.0,33128.304000000004,11042.768000000002,16563.75,1.0,1.0,2026-10-07 04:31:26.371000+00:00,2026-10-08 06:20:30.985000+00:00,2.0,34.0,2.0,3.0,44.0,2.0,0.6176470588235294,21.0,1.0,0.0,0.0,0.0,10.0,normal,device_3,synthetic_ip_3,0.4358974358974359
SYN_U005,67,10,5,2026-10-08 04:33:56.089000+00:00,2026-10-08 07:31:00.709000+00:00,15,63,177.07700000000003,1.528050683850164,0,0,0,1,1,0,2,1,2,0,0,0,0,51,0,2,0,2,3,2,3.0,21249.462,7083.1539999999995,10624.842,1.0,1.0,2026-10-07 04:30:37.369000+00:00,2026-10-08 06:20:30.985000+00:00,7.0,164.0,6.0,1.0,15.0,1.0,0.4573170731707317,75.0,3.0,0.0045045045045045045,0.013513513513513514,0.0,-149.0,normal,device_4,synthetic_ip_4,0.9162011173184358
SYN_U006,106,16,5,2026-10-08 04:33:58.093000+00:00,2026-10-08 08:58:01.633000+00:00,151,18,264.059,2.413547599066424,8,2,8,4,4,2,2,1,1,1,2,2,0,63,0,0,0,3,2,1,3.0,31035.311999999998,10345.104,15517.77,1.0,1.0,2026-10-07 04:29:53.371000+00:00,2026-10-08 06:20:30.985000+00:00,4.0,120.0,4.0,3.0,60.0,2.0,0.65,78.0,2.0,0.0,0.0,0.0,-60.0,normal,device_5,synthetic_ip_5,0.6666666666666666
SYN_U007,82,11,5,2026-10-08 04:33:50.089000+00:00,2026-10-08 08:16:18.667000+00:00,129,12,222.47629999999998,1.518121545020704,0,0,0,2,2,0,2,1,0,1,3,0,0,63,0,3,0,3,1,1,3.0,26697.384,8899.127999999999,13348.806,1.0,1.0,2026-10-07 04:31:52.369000+00:00,2026-10-08 06:20:30.985000+00:00,1.0,12.0,1.0,3.0,46.0,3.0,1.0,12.0,0.0,0.0,0.0,0.0,34.0,normal,device_6,synthetic_ip_6,0.20689655172413793
SYN_U008,91,11,4,2026-10-08 04:32:07.069000+00:00,2026-10-08 08:41:28.639000+00:00,117,23,249.3595,1.608654242550891,0,0,0,3,3,0,2,1,1,1,2,0,0,68,0,2,0,0,3,5,3.0,29923.344,9974.448,14961.774,1.0,1.0,2026-10-07 04:29:51.373000+00:00,2026-10-08 06:20:30.985000+00:00,2.0,47.0,2.0,5.0,76.0,3.0,0.5106382978723404,24.0,1.0,0.0,0.0,0.0,29.0,normal,device_7,synthetic_ip_7,0.3821138211382114
SYN_U009,72,11,4,2026-10-08 04:32:53.065000+00:00,2026-10-08 08:14:29.671000+00:00,110,42,221.6101,1.5814032571191992,0,0,0,1,1,0,2,1,2,2,5,0,0,54,0,1,0,2,0,1,3.0,26592.42,8864.14,13295.814,1.0,1.0,2026-10-07 04:30:42.373000+00:00,2026-10-08 06:20:30.985000+00:00,3.0,63.0,3.0,4.0,81.0,3.0,0.3968253968253968,25.0,2.0,0.019230769230769232,0.038461538461538464,0.0,18.0,normal,device_8,synthetic_ip_8,0.4375
SYN_U010,61,14,5,2026-10-08 04:31:34.075000+00:00,2026-10-08 07:22:08.719000+00:00,216,21,170.5774,2.067464678721223,2,1,2,1,1,0,2,1,1,0,1,0,0,41,0,1,0,2,1,4,3.0,20469.492,6823.164,10234.848,1.0,1.0,2026-10-07 04:29:38.371000+00:00,2026-10-08 06:20:30.985000+00:00,2.0,21.0,2.0,2.0,26.0,2.0,0.7619047619047619,16.0,1.0,0.0,0.0,0.0,5.0,normal,device_9,synthetic_ip_9,0.44680851063829785
SYN_U011,618,18,5,2026-10-07 15:16:08.791000+00:00,2026-10-08 20:07:42.055000+00:00,2029,683,1731.5544,2.684665621773971,68,19,68,14,14,16,2,2,9,8,12,16,0,310,3,4,2,13,38,0,3.0,112316.14199999999,37438.714,56158.152,1.0,1.0,2026-10-07 04:32:21.367000+00:00,2026-10-08 06:20:30.985000+00:00,39.0,951.0,10.0,40.0,877.0,7.0,0.26498422712933756,252.0,13.0,0.033463531025994135,0.19230769230769232,0.0,-74.0,hardcore,device_10,synthetic_ip_10,0.5202407002188184
SYN_U012,633,17,5,2026-10-07 15:16:10.789000+00:00,2026-10-08 20:42:17.029000+00:00,1901,568,1766.104,2.6621822893476734,72,20,72,11,11,17,2,2,5,9,14,17,0,317,0,16,4,7,37,0,3.0,113866.098,37955.366,56933.136,1.0,1.0,2026-10-07 04:32:04.369000+00:00,2026-10-08 06:20:30.985000+00:00,39.0,910.0,9.0,34.0,852.0,6.0,0.2967032967032967,270.0,10.0,0.011603911603911604,0.038461538461538464,0.0,-58.0,hardcore,device_11,synthetic_ip_11,0.5164585698070374
SYN_U013,602,18,5,2026-10-07 15:18:37.789000+00:00,2026-10-09 00:08:24.481000+00:00,1442,439,1969.7782,2.5292912667442917,60,15,60,10,10,15,2,2,5,2,9,15,0,325,2,11,1,19,39,0,3.0,118582.038,39527.346,59291.094,1.0,1.0,2026-10-07 04:32:11.371000+00:00,2026-10-08 06:20:30.985000+00:00,30.0,563.0,8.0,29.0,659.0,6.0,0.3019538188277087,170.0,7.0,0.016594516594516596,0.06060606060606061,0.0,96.0,hardcore,device_12,synthetic_ip_12,0.4607201309328969
SYN_U014,466,18,5,2026-10-07 15:16:59.791000+00:00,2026-10-08 18:39:06.139000+00:00,1394,465,1642.1058,2.74233455200656,44,13,44,15,14,11,2,2,7,4,10,11,0,237,2,12,1,15,22,0,3.0,101764.296,33921.432,50882.226,1.0,1.0,2026-10-07 04:32:32.371000+00:00,2026-10-08 06:20:30.985000+00:00,33.0,834.0,8.0,21.0,474.0,5.0,0.40167865707434053,335.0,11.0,0.014706298055178651,0.1044776119402985,0.0,-360.0,hardcore,device_13,synthetic_ip_13,0.6376146788990825
SYN_U015,94,12,3,2026-10-08 04:32:16.075000+00:00,2026-10-08 07:32:16.705000+00:00,175,8,180.01049999999998,2.912110904510701,12,8,12,4,4,5,2,1,0,0,0,5,0,35,0,0,0,5,1,0,3.0,21601.464,7200.488,10800.834,1.0,1.0,2026-10-07 04:32:15.373000+00:00,2026-10-08 06:20:30.985000+00:00,1.0,8.0,1.0,1.0,21.0,1.0,1.0,8.0,0.0,0.0,0.0,0.0,13.0,guild,device_14,guild_cafe,0.27586206896551724
SYN_U016,90,12,3,2026-10-08 04:32:16.075000+00:00,2026-10-08 07:32:16.705000+00:00,140,10,180.01049999999998,2.919935789657358,13,7,13,4,4,4,2,1,0,0,0,4,0,32,0,0,0,5,1,0,3.0,21601.47,7200.490000000001,10800.84,1.0,1.0,2026-10-07 04:32:27.367000+00:00,2026-10-08 06:20:30.985000+00:00,2.0,17.0,2.0,0.0,0.0,0.0,0.5882352941176471,10.0,0.0,0.0,0.0,0.0,-17.0,guild,device_15,guild_cafe,1.0
SYN_U017,70,12,3,2026-10-08 04:32:16.075000+00:00,2026-10-08 07:32:16.705000+00:00,48,0,180.01049999999998,2.6633843869593683,9,5,9,3,2,1,2,1,0,0,0,1,0,31,0,0,0,5,1,0,3.0,21601.47,7200.490000000001,10800.84,1.0,1.0,2026-10-07 04:32:39.367000+00:00,2026-10-08 06:20:30.985000+00:00,0.0,0.0,0.0,2.0,31.0,2.0,0.0,0.0,0.0,0.0,0.0,0.0,31.0,guild,device_16,guild_cafe,0.0
SYN_U018,98,11,3,2026-10-08 04:32:16.075000+00:00,2026-10-08 07:32:16.705000+00:00,70,0,180.01049999999998,2.7096008938206,17,8,17,4,4,2,2,1,0,0,0,2,0,36,0,0,0,5,0,0,3.0,21601.47,7200.490000000001,10800.84,1.0,1.0,2026-10-07 04:32:51.367000+00:00,2026-10-08 06:20:30.985000+00:00,1.0,18.0,1.0,0.0,0.0,0.0,1.0,18.0,0.0,0.0,0.0,0.0,-18.0,guild,device_17,guild_cafe,1.0
SYN_U019,111,12,3,2026-10-08 04:32:16.075000+00:00,2026-10-08 07:32:16.705000+00:00,269,0,180.01049999999998,3.037622371879803,18,10,18,4,4,7,2,1,0,0,0,7,0,32,0,0,0,5,3,0,3.0,21601.464,7200.488,10800.834,1.0,1.0,2026-10-07 04:33:03.373000+00:00,2026-10-08 06:20:30.985000+00:00,0.0,0.0,0.0,3.0,24.0,3.0,0.0,0.0,0.0,0.0,0.0,0.0,24.0,guild,device_18,guild_cafe,0.0
SYN_U020,83,12,3,2026-10-08 04:32:16.075000+00:00,2026-10-08 07:32:16.705000+00:00,117,0,180.01049999999998,2.7225311344984338,11,7,11,3,1,3,2,1,0,0,0,3,0,35,0,0,0,5,1,0,3.0,21601.482,7200.494,10800.852,1.0,1.0,2026-10-07 04:33:15.367000+00:00,2026-10-08 06:20:30.985000+00:00,0.0,0.0,0.0,1.0,12.0,1.0,0.0,0.0,0.0,0.0,0.0,0.0,12.0,guild,device_19,guild_cafe,0.0
SYN_U021,1829,9,1,2026-10-07 15:18:27.793000+00:00,2026-10-09 01:35:10.393000+00:00,3185,0,2056.71,2.5387893083987003,364,93,364,0,0,91,3,1,0,0,0,91,0,528,0,0,0,294,0,0,4.0,154869.108,38717.277,79200.804,1.0,1.0,2026-10-07 04:31:31.375000+00:00,2026-10-08 22:28:59.935000+00:00,0.0,0.0,0.0,0.0,0.0,0.0,0.0,0.0,0.0,0.0,0.0,0.0,0.0,bot,bot_device_20,synthetic_ip_20,0.0
SYN_U022,1836,9,1,2026-10-07 15:15:46.795000+00:00,2026-10-09 01:33:41.395000+00:00,3150,0,2057.9100000000003,2.5340379470668886,361,92,361,0,0,90,3,1,0,0,0,90,0,535,0,0,0,303,0,0,4.0,155092.128,38773.032,79200.804,1.0,1.0,2026-10-07 04:32:05.371000+00:00,2026-10-08 22:28:59.935000+00:00,0.0,0.0,0.0,0.0,0.0,0.0,0.0,0.0,0.0,0.0,0.0,0.0,0.0,bot,bot_device_21,synthetic_ip_21,0.0
SYN_U023,1830,9,1,2026-10-07 15:15:43.795000+00:00,2026-10-09 01:33:36.391000+00:00,3185,0,2057.8766,2.536413832380356,360,93,360,0,0,91,3,1,0,0,0,91,0,536,0,0,0,295,0,0,4.0,154974.13199999998,38743.532999999996,79200.81,1.0,1.0,2026-10-07 04:31:19.369000+00:00,2026-10-08 22:28:59.935000+00:00,0.0,0.0,0.0,0.0,0.0,0.0,0.0,0.0,0.0,0.0,0.0,0.0,0.0,bot,bot_device_22,synthetic_ip_22,0.0
SYN_U024,122,18,5,2026-10-08 04:31:58.069000+00:00,2026-10-08 10:35:47.539000+00:00,173,209,363.8245,1.8506016517104462,1,1,1,3,3,1,2,1,2,2,2,1,0,90,1,2,0,4,1,4,3.0,43658.148,14552.716,21828.678,1.0,1.0,2026-10-07 04:33:56.365000+00:00,2026-10-08 06:20:30.985000+00:00,5.0,1012.0,3.0,3.0,603.0,3.0,0.9614624505928854,973.0,2.0,0.029411764705882353,0.058823529411764705,0.0,-409.0,farm,shared_pc_2,synthetic_subnet_A,0.6266253869969041
SYN_U025,231,15,5,2026-10-08 04:33:23.071000+00:00,2026-10-08 14:10:41.383000+00:00,118,157,577.3052,1.7636968171863017,11,3,11,4,4,3,2,1,0,0,1,3,0,169,0,5,0,8,1,5,3.0,69275.796,23091.932,34637.484,1.0,1.0,2026-10-07 04:32:31.369000+00:00,2026-10-08 06:20:30.985000+00:00,4.0,776.0,2.0,3.0,164.0,3.0,0.9175257731958762,712.0,1.0,0.0,0.0,0.0,-612.0,farm,shared_pc_0,synthetic_subnet_A,0.825531914893617
SYN_U026,195,16,5,2026-10-08 04:33:51.085000+00:00,2026-10-08 12:48:56.455000+00:00,471,429,495.0895,1.6818367231357165,8,2,8,2,2,2,2,1,0,1,5,2,0,147,0,6,0,1,2,4,3.0,59410.932,19803.644,29705.562,1.0,1.0,2026-10-07 04:30:31.369000+00:00,2026-10-08 06:20:30.985000+00:00,6.0,929.0,4.0,3.0,65.0,3.0,0.8310010764262648,772.0,3.0,0.0044444444444444444,0.013333333333333334,0.0,-864.0,farm,shared_pc_1,synthetic_subnet_A,0.9346076458752515
SYN_U027,216,17,5,2026-10-08 04:31:29.065000+00:00,2026-10-08 13:37:28.411000+00:00,315,532,545.9891,2.0657071396871993,11,4,11,4,4,2,2,1,1,2,6,2,0,147,0,3,0,9,2,5,3.0,65518.854,21839.618,32759.508,1.0,1.0,2026-10-07 04:30:50.371000+00:00,2026-10-08 06:20:30.985000+00:00,4.0,871.0,2.0,5.0,207.0,5.0,0.9701492537313433,845.0,1.0,0.0,0.0,0.0,-664.0,farm,shared_pc_2,synthetic_subnet_A,0.8079777365491652
SYN_U028,214,18,5,2026-10-08 04:32:52.069000+00:00,2026-10-08 13:19:51.427000+00:00,219,373,526.9893,2.170487997404547,14,4,14,3,3,4,2,1,3,2,2,4,0,140,1,4,0,2,1,10,3.0,63238.89,21079.63,31619.532,1.0,1.0,2026-10-07 04:34:06.367000+00:00,2026-10-08 06:20:30.985000+00:00,6.0,795.0,4.0,3.0,119.0,3.0,0.6729559748427673,535.0,4.0,0.019496204278812972,0.06349206349206349,0.0,-676.0,farm,shared_pc_0,synthetic_subnet_A,0.8698030634573304
SYN_U029,251,18,5,2026-10-08 04:31:32.065000+00:00,2026-10-08 14:44:01.351000+00:00,390,589,612.4881,2.2478808276017297,16,4,16,7,7,4,2,1,3,3,5,4,0,162,2,3,0,3,2,7,3.0,73498.734,24499.577999999998,36749.448,1.0,1.0,2026-10-07 04:32:03.373000+00:00,2026-10-08 06:20:30.985000+00:00,9.0,1152.0,6.0,4.0,181.0,3.0,0.8203125,945.0,5.0,0.012508884150675196,0.047619047619047616,0.0,-971.0,farm,shared_pc_1,synthetic_subnet_A,0.8642160540135033
SYN_U030,144,15,5,2026-10-08 04:33:23.071000+00:00,2026-10-08 11:39:54.517000+00:00,163,237,426.5241,1.6747702254390342,4,1,4,6,6,1,2,1,0,1,4,1,0,108,0,3,0,1,1,0,3.0,51183.066,17061.022,25591.62,1.0,1.0,2026-10-07 04:32:08.371000+00:00,2026-10-08 06:20:30.985000+00:00,2.0,576.0,1.0,2.0,90.0,2.0,1.0,576.0,0.0,0.0,0.0,0.0,-486.0,farm,shared_pc_2,synthetic_subnet_A,0.8648648648648649
SYN_U031,231,16,5,2026-10-07 15:16:42.799000+00:00,2026-10-08 15:28:43.315000+00:00,480,643,1452.0086000000001,1.8538795547733296,3,1,3,10,10,0,2,2,1,4,7,0,0,166,1,4,0,7,2,8,3.0,77268.66,25756.22,38634.426,1.0,1.0,2026-10-07 04:32:48.373000+00:00,2026-10-08 06:20:30.985000+00:00,4.0,955.0,2.0,4.0,285.0,3.0,0.9225130890052357,881.0,1.0,0.013333333333333334,0.013333333333333334,0.0,-670.0,farm,shared_pc_0,synthetic_subnet_A,0.7701612903225806
SYN_U032,209,17,5,2026-10-08 04:30:28.069000+00:00,2026-10-08 13:46:26.401000+00:00,322,221,555.9722,2.002380212718261,12,3,12,7,7,3,2,1,2,0,2,3,0,144,1,3,0,3,1,3,3.0,66715.824,22238.607999999997,33357.492,1.0,1.0,2026-10-07 04:33:00.373000+00:00,2026-10-08 06:20:30.985000+00:00,5.0,615.0,4.0,1.0,78.0,1.0,0.8894308943089431,547.0,3.0,0.0,0.0,0.0,-537.0,farm,shared_pc_1,synthetic_subnet_A,0.8874458874458875
SYN_U033,157,11,5,2026-10-08 04:33:09.067000+00:00,2026-10-08 11:56:56.503000+00:00,407,462,443.79060000000004,1.5509236075318253,0,0,0,7,7,0,2,1,0,2,5,0,0,119,0,3,0,4,2,5,3.0,53254.038,17751.346,26626.602,1.0,1.0,2026-10-07 04:32:44.371000+00:00,2026-10-08 06:20:30.985000+00:00,4.0,933.0,1.0,3.0,101.0,3.0,1.0,933.0,0.0,0.0,0.0,0.0,-832.0,farm,shared_pc_2,synthetic_subnet_A,0.902321083172147
SYN_U034,97,6,5,2026-10-08 04:31:43.069000+00:00,2026-10-08 08:55:01.627000+00:00,1192,1112,263.3093,1.5002990995782095,0,0,0,0,0,0,2,1,0,0,0,0,0,67,0,0,0,11,9,7,3.0,31597.32,10532.44,15798.762,1.0,1.0,2026-10-07 04:32:12.373000+00:00,2026-10-08 06:20:30.985000+00:00,8.0,3368.0,2.0,12.0,3403.0,5.0,0.8515439429928741,2868.0,1.0,0.982139667797821,0.982139667797821,1.0,35.0,mule,device_33,synthetic_subnet_A,0.49741544823512035
SYN_U035,128,6,4,2026-10-08 04:32:47.071000+00:00,2026-10-08 11:18:07.537000+00:00,2175,2199,405.3411,1.5982968705749079,0,0,0,0,0,0,2,1,0,0,0,0,0,81,0,0,0,21,16,7,3.0,48641.1,16213.699999999999,24320.634,1.0,1.0,2026-10-07 04:31:21.373000+00:00,2026-10-08 06:20:30.985000+00:00,12.0,4336.0,1.0,17.0,4316.0,5.0,1.0,4336.0,0.0,0.0,0.0,0.0,-20.0,mule,device_34,synthetic_subnet_A,0.5011558021266759
SYN_U036,163,6,5,2026-10-08 04:31:06.067000+00:00,2026-10-08 12:31:06.469000+00:00,3311,0,480.00669999999997,1.4493732569690203,0,0,0,0,0,0,2,1,0,0,0,0,0,110,0,0,0,30,10,10,3.0,57600.972,19200.324,28800.57,1.0,1.0,2026-10-07 04:29:48.373000+00:00,2026-10-08 06:20:30.985000+00:00,0.0,0.0,0.0,19.0,7204.0,2.0,0.0,0.0,0.0,0.0,0.0,0.0,7204.0,hub,device_35,synthetic_subnet_A,0.0
SYSTEM_WORLD,383,1,1,2026-10-07 15:25:26.785000+00:00,2026-10-09 01:33:48.391000+00:00,0,0,2048.3601,-0.0,0,0,0,0,0,0,0,0,0,0,0,0,383,0,0,0,0,0,0,0,0.0,0.0,0.0,0.0,0.0,0.0,,,0.0,0.0,0.0,0.0,0.0,0.0,0.0,0.0,0.0,0.0,0.0,0.0,0.0,,,,0.0
U_7b011a35-98c1-4d65-834c-be8d97a34195,39,7,4,2026-10-08 06:20:30.985000+00:00,2026-10-09 00:19:07.471000+00:00,74,63,1078.6081,1.3376687478258629,0,0,0,1,1,0,3,0,1,1,2,0,0,30,0,0,0,0,0,0,3.0,162355.026,54118.342000000004,93075.618,1.0,1.0,2026-10-07 04:29:15.367000+00:00,2026-10-08 22:28:59.935000+00:00,1.0,63.0,1.0,0.0,0.0,0.0,1.0,63.0,1.0,0.14864864864864866,0.14864864864864866,0.0,-63.0,,,,1.0
