user_id,event_count,action_diversity,map_diversity,active_first,active_last,positive_gold_delta,negative_gold_delta,active_minutes,action_entropy,event_attack,event_combat_start,event_damaged,event_gather_start,event_gather_success,event_item_drop,event_login,event_logout,event_market_buy,event_market_list,event_market_sell,event_monster_kill,event_monster_respawn,event_move,event_quest_complete,event_quest_start,event_rest,event_trade_gold,event_visit,session_count,total_play_time_sec,avg_play_time_sec,max_play_time_sec,device_group_count,ip_group_count,first_login,last_login,tx_sent_count,gold_sent,unique_receivers,tx_received_count,gold_received,unique_senders,max_receiver_share,largest_receiver_gold,market_trade_count,avg_price_deviation,max_price_deviation,suspicious_price_trade_count,net_gold_flow,ground_truth_type,device_group,ip_group,outflow_ratio,baseline_anomaly_raw,baseline_risk_score,baseline_rank,is_organized_abuse
SYSTEM_WORLD,56,1,1,2026-10-07 04:57:42.343000+00:00,2026-10-07 08:09:39.175000+00:00,0,0,191.9472,-0.0,0,0,0,0,0,0,0,0,0,0,0,0,56,0,0,0,0,0,0,0.0,0.0,0.0,0.0,0.0,0.0,,,0.0,0.0,0.0,0.0,0.0,0.0,0.0,0.0,0.0,0.0,0.0,0.0,0.0,,,,0.0,0.13666843647789584,100.0,1,False
SYN_U034,77,6,4,2026-10-07 04:32:12.373000+00:00,2026-10-07 08:04:58.183000+00:00,2211,2134,212.7635,1.541114264610001,0,0,0,0,0,0,1,0,1,0,0,0,0,51,0,0,11,9,4,1.0,13144.794,13144.794,13144.794,1.0,1.0,2026-10-07 04:32:12.373000+00:00,2026-10-07 04:32:12.373000+00:00,4.0,2134.0,2.0,6.0,2211.0,5.0,0.7656982193064668,1634.0,1.0,0.982139667797821,0.982139667797821,1.0,77.0,mule,device_33,synthetic_subnet_A,0.4911392405063291,0.11879111689589994,92.98,2,True
SYN_U012,81,16,5,2026-10-07 04:32:04.369000+00:00,2026-10-07 08:05:53.179000+00:00,290,151,213.8135,2.600247202321011,4,1,4,1,1,1,1,0,3,1,3,1,0,45,2,6,4,3,0,1.0,13152.798,13152.798,13152.798,1.0,1.0,2026-10-07 04:32:04.369000+00:00,2026-10-07 04:32:04.369000+00:00,5.0,151.0,4.0,2.0,91.0,1.0,0.4966887417218543,75.0,3.0,0.0173250173250173,0.0384615384615384,0.0,-60.0,hardcore,device_11,synthetic_ip_11,0.6239669421487604,0.018034736796511575,53.412,3,False
SYN_U036,74,5,5,2026-10-07 04:29:48.373000+00:00,2026-10-07 08:09:17.179000+00:00,3307,0,219.4801,1.4535949024562662,0,0,0,0,0,0,1,0,0,0,0,0,0,49,0,0,14,6,4,1.0,13288.794,13288.794,13288.794,1.0,1.0,2026-10-07 04:29:48.373000+00:00,2026-10-07 04:29:48.373000+00:00,0.0,0.0,0.0,6.0,3307.0,2.0,0.0,0.0,0.0,0.0,0.0,0.0,3307.0,hub,device_35,synthetic_subnet_A,0.0,0.017985288287264645,53.393,4,True
SYN_U035,75,5,4,2026-10-07 04:31:21.373000+00:00,2026-10-07 08:09:09.175000+00:00,1652,1673,217.7967,1.4324968065522412,0,0,0,0,0,0,1,0,0,0,0,0,0,49,0,0,15,8,2,1.0,13195.794,13195.794,13195.794,1.0,1.0,2026-10-07 04:31:21.373000+00:00,2026-10-07 04:31:21.373000+00:00,3.0,1673.0,1.0,5.0,1652.0,5.0,1.0,1673.0,0.0,0.0,0.0,0.0,-21.0,mule,device_34,synthetic_subnet_A,0.5031578947368421,0.01769619842162473,53.279,5,True
SYN_U011,95,16,5,2026-10-07 04:32:21.367000+00:00,2026-10-07 08:10:42.175000+00:00,272,134,218.3468,2.6445573671205995,8,2,8,2,2,2,1,0,2,1,2,2,0,51,2,5,1,4,0,1.0,13135.8,13135.8,13135.8,1.0,1.0,2026-10-07 04:32:21.367000+00:00,2026-10-07 04:32:21.367000+00:00,5.0,134.0,5.0,2.0,70.0,2.0,0.5,67.0,2.0,0.0,0.0,0.0,-64.0,hardcore,device_10,synthetic_ip_10,0.6568627450980392,-0.009921352936610783,42.434,6,False
U_7b011a35-98c1-4d65-834c-be8d97a34195,12,4,4,2026-10-07 04:28:52.798000+00:00,2026-10-07 04:51:14.353000+00:00,0,0,22.35925,1.6258145836939115,0,0,0,1,1,0,4,0,0,0,0,0,0,6,0,0,0,0,0,1.0,13321.8,13321.8,13321.8,1.0,1.0,2026-10-07 04:29:15.367000+00:00,2026-10-07 04:29:15.367000+00:00,0.0,0.0,0.0,0.0,0.0,0.0,0.0,0.0,0.0,0.0,0.0,0.0,0.0,,,,0.0,-0.013816074148529756,40.904,7,False
SYN_U021,183,8,3,2026-10-07 04:31:31.375000+00:00,2026-10-07 08:08:56.185000+00:00,280,0,217.4135,2.5073103475573357,33,9,33,0,0,8,1,0,0,0,0,8,0,59,0,0,32,0,0,1.0,13185.792,13185.792,13185.792,1.0,1.0,2026-10-07 04:31:31.375000+00:00,2026-10-07 04:31:31.375000+00:00,0.0,0.0,0.0,0.0,0.0,0.0,0.0,0.0,0.0,0.0,0.0,0.0,0.0,bot,bot_device_20,synthetic_ip_20,0.0,-0.01639317840274168,39.892,8,False
SYN_U022,194,8,4,2026-10-07 04:32:05.371000+00:00,2026-10-07 08:08:58.183000+00:00,280,0,216.8802,2.513477241567148,37,10,37,0,0,8,1,0,0,0,0,8,0,59,0,0,34,0,0,1.0,13151.796,13151.796,13151.796,1.0,1.0,2026-10-07 04:32:05.371000+00:00,2026-10-07 04:32:05.371000+00:00,0.0,0.0,0.0,0.0,0.0,0.0,0.0,0.0,0.0,0.0,0.0,0.0,0.0,bot,bot_device_21,synthetic_ip_21,0.0,-0.016491503914409456,39.854,9,False
SYN_U005,70,16,5,2026-10-07 04:30:37.369000+00:00,2026-10-07 07:27:42.211000+00:00,99,101,177.0807,2.454537027532518,4,1,4,2,2,1,1,1,1,0,1,1,0,42,0,2,3,2,2,1.0,10624.842,10624.842,10624.842,1.0,1.0,2026-10-07 04:30:37.369000+00:00,2026-10-07 04:30:37.369000+00:00,3.0,101.0,3.0,0.0,0.0,0.0,0.7425742574257426,75.0,1.0,0.0135135135135135,0.0135135135135135,0.0,-101.0,normal,device_4,synthetic_ip_4,1.0,-0.01749217613967402,39.461,10,False
SYN_U023,188,8,4,2026-10-07 04:31:19.369000+00:00,2026-10-07 08:09:31.177000+00:00,280,0,218.1968,2.5184353176770395,36,10,36,0,0,8,1,0,0,0,0,8,0,58,0,0,31,0,0,1.0,13197.798,13197.798,13197.798,1.0,1.0,2026-10-07 04:31:19.369000+00:00,2026-10-07 04:31:19.369000+00:00,0.0,0.0,0.0,0.0,0.0,0.0,0.0,0.0,0.0,0.0,0.0,0.0,0.0,bot,bot_device_22,synthetic_ip_22,0.0,-0.022675518621664614,37.425,11,False
SYN_U018,90,12,4,2026-10-07 04:32:51.367000+00:00,2026-10-07 07:32:52.207000+00:00,140,18,180.014,2.8730087783391047,13,6,13,4,4,4,1,1,0,0,0,4,0,33,0,0,6,1,0,1.0,10800.84,10800.84,10800.84,1.0,1.0,2026-10-07 04:32:51.367000+00:00,2026-10-07 04:32:51.367000+00:00,1.0,18.0,1.0,0.0,0.0,0.0,1.0,18.0,0.0,0.0,0.0,0.0,-18.0,guild,device_17,guild_cafe,1.0,-0.036018984536830834,32.185,12,False
SYN_U016,99,12,4,2026-10-07 04:32:27.367000+00:00,2026-10-07 07:32:28.207000+00:00,140,7,180.014,2.7370597264255703,16,7,16,3,2,4,1,1,0,0,0,4,0,38,0,0,6,1,0,1.0,10800.84,10800.84,10800.84,1.0,1.0,2026-10-07 04:32:27.367000+00:00,2026-10-07 04:32:27.367000+00:00,1.0,7.0,1.0,0.0,0.0,0.0,1.0,7.0,0.0,0.0,0.0,0.0,-7.0,guild,device_15,guild_cafe,1.0,-0.04024130464931258,30.527,13,False
SYN_U003,98,14,5,2026-10-07 04:29:41.371000+00:00,2026-10-07 08:08:29.173000+00:00,294,91,218.7967,2.2431441733344823,8,2,8,0,0,2,1,1,1,0,2,2,0,60,1,4,2,4,0,1.0,13127.802,13127.802,13127.802,1.0,1.0,2026-10-07 04:29:41.371000+00:00,2026-10-07 04:29:41.371000+00:00,2.0,91.0,1.0,3.0,31.0,3.0,1.0,91.0,1.0,0.0,0.0,0.0,-60.0,normal,device_2,synthetic_ip_2,0.7459016393442623,-0.05115042111727397,26.243,14,False
SYN_U010,63,10,5,2026-10-07 04:29:38.371000+00:00,2026-10-07 07:20:13.219000+00:00,61,0,170.5808,1.519611867360568,0,0,0,2,2,0,1,1,0,0,0,0,0,48,1,1,2,2,3,1.0,10234.848,10234.848,10234.848,1.0,1.0,2026-10-07 04:29:38.371000+00:00,2026-10-07 04:29:38.371000+00:00,0.0,0.0,0.0,2.0,26.0,2.0,0.0,0.0,0.0,0.0,0.0,0.0,26.0,normal,device_9,synthetic_ip_9,0.0,-0.05204893111332204,25.89,15,False
SYN_U026,83,17,5,2026-10-07 04:30:31.369000+00:00,2026-10-07 08:11:11.173000+00:00,149,426,220.6634,2.260354941961494,4,1,4,2,2,1,1,0,2,1,2,1,0,54,1,3,2,1,1,1.0,13245.798,13245.798,13245.798,1.0,1.0,2026-10-07 04:30:31.369000+00:00,2026-10-07 04:30:31.369000+00:00,3.0,426.0,3.0,1.0,25.0,1.0,0.8051643192488263,343.0,2.0,0.0,0.0,0.0,-401.0,farm,shared_pc_1,synthetic_subnet_A,0.9445676274944568,-0.05478381103833163,24.816,16,True
SYN_U013,104,12,5,2026-10-07 04:32:11.371000+00:00,2026-10-07 08:07:47.179000+00:00,257,18,215.5968,2.3640983392095825,14,5,14,0,0,4,1,0,1,1,2,4,0,54,0,2,2,0,0,1.0,13145.796,13145.796,13145.796,1.0,1.0,2026-10-07 04:32:11.371000+00:00,2026-10-07 04:32:11.371000+00:00,1.0,18.0,1.0,1.0,75.0,1.0,1.0,18.0,1.0,0.0,0.0,0.0,57.0,hardcore,device_12,synthetic_ip_12,0.1935483870967742,-0.055027790926186204,24.721,17,False
SYN_U024,79,14,5,2026-10-07 04:33:56.365000+00:00,2026-10-07 08:08:10.177000+00:00,587,803,214.2302,1.8325197569169287,2,1,2,0,0,1,1,0,0,1,2,1,0,57,1,4,3,2,1,1.0,13040.802,13040.802,13040.802,1.0,1.0,2026-10-07 04:33:56.365000+00:00,2026-10-07 04:33:56.365000+00:00,2.0,803.0,1.0,1.0,500.0,1.0,1.0,803.0,0.0,0.0,0.0,0.0,-303.0,farm,shared_pc_2,synthetic_subnet_A,0.6162701458173446,-0.06006869918067892,22.741,18,True
SYN_U025,72,9,5,2026-10-07 04:32:31.369000+00:00,2026-10-07 08:04:50.179000+00:00,182,398,212.3135,1.6139179761954567,0,0,0,4,4,0,1,0,0,2,5,0,0,52,0,2,0,1,1,1.0,13125.798,13125.798,13125.798,1.0,1.0,2026-10-07 04:32:31.369000+00:00,2026-10-07 04:32:31.369000+00:00,1.0,398.0,1.0,2.0,96.0,2.0,1.0,398.0,0.0,0.0,0.0,0.0,-302.0,farm,shared_pc_0,synthetic_subnet_A,0.805668016194332,-0.06192946212478606,22.01,19,True
SYN_U002,59,10,4,2026-10-07 04:29:40.369000+00:00,2026-10-07 07:53:54.193000+00:00,119,7,204.2304,1.771988672244931,0,0,0,0,0,0,1,1,0,1,2,0,0,40,1,1,7,1,4,1.0,12253.824,12253.824,12253.824,1.0,1.0,2026-10-07 04:29:40.369000+00:00,2026-10-07 04:29:40.369000+00:00,1.0,7.0,1.0,1.0,64.0,1.0,1.0,7.0,0.0,0.0,0.0,0.0,57.0,normal,device_1,synthetic_ip_1,0.0985915492957746,-0.06372115439215503,21.307,20,False
SYN_U014,87,15,5,2026-10-07 04:32:32.371000+00:00,2026-10-07 08:11:02.173000+00:00,167,65,218.4967,2.48167272152721,8,2,8,2,2,2,1,0,1,1,3,2,0,49,1,3,2,0,0,1.0,13124.796,13124.796,13124.796,1.0,1.0,2026-10-07 04:32:32.371000+00:00,2026-10-07 04:32:32.371000+00:00,1.0,65.0,1.0,1.0,27.0,1.0,1.0,65.0,1.0,0.015625,0.015625,0.0,-38.0,hardcore,device_13,synthetic_ip_13,0.7065217391304348,-0.07054499979565221,18.627,21,False
SYN_U029,94,15,5,2026-10-07 04:32:03.373000+00:00,2026-10-07 08:05:47.179000+00:00,155,368,213.7301,2.2512081578525027,8,2,8,1,1,2,1,0,1,0,3,2,0,58,0,2,2,1,2,1.0,13153.794,13153.794,13153.794,1.0,1.0,2026-10-07 04:32:03.373000+00:00,2026-10-07 04:32:03.373000+00:00,2.0,368.0,2.0,0.0,0.0,0.0,0.7907608695652174,291.0,1.0,0.0,0.0,0.0,-368.0,farm,shared_pc_1,synthetic_subnet_A,1.0,-0.07846611784733881,15.516,22,True
SYN_U004,86,10,5,2026-10-07 04:31:26.371000+00:00,2026-10-07 08:11:15.175000+00:00,156,0,219.8134,1.4588848200026987,0,0,0,3,2,0,1,0,0,0,1,0,0,66,2,6,2,1,2,1.0,13190.796,13190.796,13190.796,1.0,1.0,2026-10-07 04:31:26.371000+00:00,2026-10-07 04:31:26.371000+00:00,0.0,0.0,0.0,1.0,24.0,1.0,0.0,0.0,0.0,0.0,0.0,0.0,24.0,normal,device_3,synthetic_ip_3,0.0,-0.08028814587315991,14.801,23,False
SYN_U015,78,12,4,2026-10-07 04:32:15.373000+00:00,2026-10-07 07:32:16.207000+00:00,91,0,180.0139,2.5137489213965782,6,4,6,4,4,2,1,1,0,0,0,2,0,41,0,0,6,1,0,1.0,10800.834,10800.834,10800.834,1.0,1.0,2026-10-07 04:32:15.373000+00:00,2026-10-07 04:32:15.373000+00:00,0.0,0.0,0.0,1.0,21.0,1.0,0.0,0.0,0.0,0.0,0.0,0.0,21.0,guild,device_14,guild_cafe,0.0,-0.0845434902482815,13.13,24,False
SYN_U032,88,10,5,2026-10-07 04:33:00.373000+00:00,2026-10-07 08:10:21.181000+00:00,113,394,217.3468,1.2972828443756916,0,0,0,0,0,0,1,0,1,1,1,0,0,70,1,2,5,1,5,1.0,13096.794,13096.794,13096.794,1.0,1.0,2026-10-07 04:33:00.373000+00:00,2026-10-07 04:33:00.373000+00:00,2.0,394.0,2.0,1.0,78.0,1.0,0.9441624365482234,372.0,1.0,0.0,0.0,0.0,-316.0,farm,shared_pc_1,synthetic_subnet_A,0.8347457627118644,-0.08574165922575605,12.659,25,True
SYN_U017,76,12,4,2026-10-07 04:32:39.367000+00:00,2026-10-07 07:32:40.207000+00:00,88,0,180.014,2.6221049023724734,7,4,7,4,4,2,1,1,0,0,0,2,0,37,0,0,6,1,0,1.0,10800.84,10800.84,10800.84,1.0,1.0,2026-10-07 04:32:39.367000+00:00,2026-10-07 04:32:39.367000+00:00,0.0,0.0,0.0,1.0,18.0,1.0,0.0,0.0,0.0,0.0,0.0,0.0,18.0,guild,device_16,guild_cafe,0.0,-0.08634855549261172,12.421,26,False
SYN_U006,75,9,5,2026-10-07 04:29:53.371000+00:00,2026-10-07 08:10:01.171000+00:00,158,88,220.13,1.2250219892203742,0,0,0,0,0,0,1,0,1,0,2,0,0,61,1,2,3,1,3,1.0,13283.796,13283.796,13283.796,1.0,1.0,2026-10-07 04:29:53.371000+00:00,2026-10-07 04:29:53.371000+00:00,2.0,88.0,2.0,0.0,0.0,0.0,0.8863636363636364,78.0,1.0,0.0,0.0,0.0,-88.0,normal,device_5,synthetic_ip_5,1.0,-0.09179942324704976,10.28,27,False
SYN_U019,74,11,4,2026-10-07 04:33:03.373000+00:00,2026-10-07 07:33:04.207000+00:00,70,0,180.0139,2.524562366707757,7,5,7,3,3,2,1,1,0,0,0,2,0,37,0,0,6,0,0,1.0,10800.834,10800.834,10800.834,1.0,1.0,2026-10-07 04:33:03.373000+00:00,2026-10-07 04:33:03.373000+00:00,0.0,0.0,0.0,0.0,0.0,0.0,0.0,0.0,0.0,0.0,0.0,0.0,0.0,guild,device_18,guild_cafe,0.0,-0.09224894427146768,10.104,28,False
SYN_U020,72,11,4,2026-10-07 04:33:15.367000+00:00,2026-10-07 07:33:16.219000+00:00,70,0,180.01420000000002,2.524927515756429,7,4,7,3,3,2,1,1,0,0,0,2,0,36,0,0,6,0,0,1.0,10800.852,10800.852,10800.852,1.0,1.0,2026-10-07 04:33:15.367000+00:00,2026-10-07 04:33:15.367000+00:00,0.0,0.0,0.0,0.0,0.0,0.0,0.0,0.0,0.0,0.0,0.0,0.0,0.0,guild,device_19,guild_cafe,0.0,-0.09293827856824616,9.833,29,False
SYN_U033,76,8,5,2026-10-07 04:32:44.371000+00:00,2026-10-07 08:10:28.183000+00:00,61,312,217.7302,1.2739396685626916,0,0,0,5,4,0,1,0,0,0,1,0,0,60,0,0,2,1,2,1.0,13112.796,13112.796,13112.796,1.0,1.0,2026-10-07 04:32:44.371000+00:00,2026-10-07 04:32:44.371000+00:00,1.0,312.0,1.0,0.0,0.0,0.0,1.0,312.0,0.0,0.0,0.0,0.0,-312.0,farm,shared_pc_2,synthetic_subnet_A,1.0,-0.09318323323299554,9.737,30,True
SYN_U009,98,15,5,2026-10-07 04:30:42.373000+00:00,2026-10-07 08:09:25.177000+00:00,230,21,218.7134,2.1318167555166547,8,2,8,1,1,2,1,0,0,1,3,2,0,63,0,1,1,2,2,1.0,13234.794,13234.794,13234.794,1.0,1.0,2026-10-07 04:30:42.373000+00:00,2026-10-07 04:30:42.373000+00:00,1.0,21.0,1.0,2.0,44.0,1.0,1.0,21.0,0.0,0.0,0.0,0.0,23.0,normal,device_8,synthetic_ip_8,0.3230769230769231,-0.09350401934889041,9.611,31,False
SYN_U001,87,13,5,2026-10-07 04:30:41.371000+00:00,2026-10-07 08:09:35.179000+00:00,122,0,218.8968,1.870817316637969,4,1,4,0,0,1,1,0,0,1,2,1,0,61,0,4,4,1,2,1.0,13235.796,13235.796,13235.796,1.0,1.0,2026-10-07 04:30:41.371000+00:00,2026-10-07 04:30:41.371000+00:00,0.0,0.0,0.0,2.0,37.0,2.0,0.0,0.0,0.0,0.0,0.0,0.0,37.0,normal,device_0,synthetic_ip_0,0.0,-0.09478418421904483,9.108,32,False
SYN_U030,75,8,5,2026-10-07 04:32:08.371000+00:00,2026-10-07 08:10:12.175000+00:00,35,339,218.0634,1.2776106582446938,0,0,0,2,2,0,1,0,0,0,0,0,0,59,1,3,0,1,6,1.0,13148.796,13148.796,13148.796,1.0,1.0,2026-10-07 04:32:08.371000+00:00,2026-10-07 04:32:08.371000+00:00,1.0,339.0,1.0,0.0,0.0,0.0,1.0,339.0,0.0,0.0,0.0,0.0,-339.0,farm,shared_pc_2,synthetic_subnet_A,1.0,-0.09632623237764759,8.503,33,True
SYN_U008,75,9,5,2026-10-07 04:29:51.373000+00:00,2026-10-07 08:10:52.171000+00:00,127,24,221.0133,1.472293446310805,0,0,0,3,3,0,1,0,0,0,3,0,0,57,0,4,1,2,1,1.0,13285.794,13285.794,13285.794,1.0,1.0,2026-10-07 04:29:51.373000+00:00,2026-10-07 04:29:51.373000+00:00,1.0,24.0,1.0,1.0,9.0,1.0,1.0,24.0,0.0,0.0,0.0,0.0,-15.0,normal,device_7,synthetic_ip_7,0.7272727272727273,-0.10916736634279084,3.46,34,False
SYN_U031,74,10,5,2026-10-07 04:32:48.373000+00:00,2026-10-07 08:02:46.189000+00:00,0,312,209.9636,1.5934476261925572,2,2,2,2,2,0,1,0,0,0,0,0,0,55,0,0,5,1,2,1.0,13108.794,13108.794,13108.794,1.0,1.0,2026-10-07 04:32:48.373000+00:00,2026-10-07 04:32:48.373000+00:00,1.0,312.0,1.0,0.0,0.0,0.0,1.0,312.0,0.0,0.0,0.0,0.0,-312.0,farm,shared_pc_0,synthetic_subnet_A,1.0,-0.11048591303454597,2.942,35,True
SYN_U007,70,11,5,2026-10-07 04:31:52.369000+00:00,2026-10-07 08:10:21.181000+00:00,64,0,218.4802,1.3175470725212146,0,0,0,1,1,0,1,0,0,1,1,0,0,56,1,1,5,1,1,1.0,13164.798,13164.798,13164.798,1.0,1.0,2026-10-07 04:31:52.369000+00:00,2026-10-07 04:31:52.369000+00:00,0.0,0.0,0.0,2.0,29.0,2.0,0.0,0.0,0.0,0.0,0.0,0.0,29.0,normal,device_6,synthetic_ip_6,0.0,-0.11098281259418324,2.747,36,False
SYN_U028,71,9,5,2026-10-07 04:34:06.367000+00:00,2026-10-07 08:10:30.175000+00:00,130,354,216.3968,1.294512603454643,0,0,0,0,0,0,1,0,0,1,2,0,0,56,1,1,6,1,2,1.0,13030.8,13030.8,13030.8,1.0,1.0,2026-10-07 04:34:06.367000+00:00,2026-10-07 04:34:06.367000+00:00,1.0,354.0,1.0,1.0,75.0,1.0,1.0,354.0,0.0,0.0,0.0,0.0,-279.0,farm,shared_pc_0,synthetic_subnet_A,0.8251748251748252,-0.11421313741751327,1.478,37,True
SYN_U027,70,11,5,2026-10-07 04:30:50.371000+00:00,2026-10-07 08:09:41.179000+00:00,102,339,218.8468,1.392362663826494,0,0,0,1,1,0,1,0,0,1,1,0,0,55,1,5,2,1,1,1.0,13226.796,13226.796,13226.796,1.0,1.0,2026-10-07 04:30:50.371000+00:00,2026-10-07 04:30:50.371000+00:00,1.0,339.0,1.0,1.0,67.0,1.0,1.0,339.0,0.0,0.0,0.0,0.0,-272.0,farm,shared_pc_2,synthetic_subnet_A,0.8349753694581281,-0.11797786804878685,0.0,38,True
