user_id,ground_truth_type,max_sync_score,top3_mean_sync,top5_mean_sync,mean_sync_all,best_sync_partner
SYN_U016,guild,93.77536619910701,91.85877926880532,89.55146343381719,53.77137487655297,SYN_U017
SYN_U017,guild,93.77536619910701,90.05398022386244,87.87285900985245,55.998588441920155,SYN_U016
SYN_U015,guild,92.09541172877982,89.73740991557007,87.31971126534873,54.190848117251264,SYN_U016
SYN_U019,guild,89.7055598785291,88.61107572685592,86.58639151830991,50.915070911354114,SYN_U016
SYN_U020,guild,88.73153021756285,88.00529983841842,86.49080126518187,54.159929564378295,SYN_U017
SYN_U018,guild,84.0588732368364,83.42126843649477,82.56339271039708,52.445588631305185,SYN_U016
SYN_U022,bot,83.78053601679234,74.19169062386638,66.69823381314283,42.56575670954552,SYN_U021
SYN_U008,normal,74.6249665602234,73.73124165458115,72.54621470783891,58.17628099088635,SYN_U024
SYN_U036,hub,77.50153217718585,73.48255154862592,71.79234077194725,58.04393578248526,SYN_U035
SYN_U004,normal,73.84060650325638,73.13390493979063,72.17986539413441,57.381227691065725,SYN_U008
SYN_U005,normal,77.05419349641845,73.13061488269291,71.33365133235259,55.776596288775636,SYN_U007
SYN_U025,farm,72.96933626700228,72.86436531505176,70.93756392032756,55.5864530753917,SYN_U031
SYN_U007,normal,77.05419349641845,72.6017134976439,70.94303541221257,56.84468438602751,SYN_U005
SYN_U024,farm,74.6249665602234,72.38876363043669,71.1775240217498,58.702921689905956,SYN_U008
SYN_U033,farm,73.133624863347,72.20595003958435,71.6691180568067,57.06152698195553,SYN_U026
SYN_U021,bot,83.78053601679234,72.13736107047362,65.11001296468122,42.00837792366755,SYN_U022
SYN_U023,bot,82.83821552463223,72.10878405874361,65.05398812474223,42.912655382446786,SYN_U022
SYN_U002,normal,73.29566350332412,71.95976532491717,70.4519094377312,55.57178732316384,SYN_U004
SYN_U026,farm,73.133624863347,71.64029543246674,70.81545551759855,57.56682290035386,SYN_U033
SYN_U028,farm,72.67670478969049,71.22792976632816,69.94990568879885,54.89202667888163,SYN_U025
SYN_U031,farm,72.96933626700228,71.14552217955055,70.14620016204444,55.18564755569803,SYN_U025
SYN_U027,farm,72.9470548884625,70.79347873736414,70.02371033206161,55.728356199005,SYN_U025
SYN_U034,mule,72.26544481279137,70.48590067238358,69.7935454518633,55.99975310659859,SYN_U004
SYN_U030,farm,72.07640343564188,70.45448686602968,68.3154681794389,54.74756716035427,SYN_U033
SYN_U035,mule,77.50153217718585,69.73321726930727,67.10935827968656,53.31046056595554,SYN_U036
SYN_U032,farm,69.8591756235104,69.43247738056753,68.56909279828304,55.50396921486085,SYN_U026
SYN_U001,normal,71.80864972461497,69.38973374003633,67.73061870225953,56.09624625755236,SYN_U004
SYN_U010,normal,71.09563134020763,69.27737634271216,68.18731909969617,54.58048208412581,SYN_U005
SYN_U009,normal,70.29532876399846,68.93199687005784,67.84000529475608,54.36888655383054,SYN_U008
SYN_U029,farm,70.93703538137353,68.915258072074,67.40043114543468,54.58314912304142,SYN_U031
SYN_U003,normal,70.7755233389303,68.33796044575323,66.83227291976803,53.8858340181348,SYN_U007
SYN_U006,normal,68.81868958344893,68.17992244215428,67.71011468878089,55.53415433759277,SYN_U004
SYN_U012,hardcore,66.60519158858264,66.00238875879386,62.21104442593311,49.45267317333758,SYN_U013
SYN_U011,hardcore,66.08851499436939,62.765015083647874,61.14578334248305,49.09229630151599,SYN_U012
SYN_U013,hardcore,66.60519158858264,62.261466640392136,60.57078979498722,50.1279113672556,SYN_U012
SYN_U014,hardcore,65.31345969342954,61.446990468359985,59.4558304937575,48.414831752780216,SYN_U012
U_7b011a35-98c1-4d65-834c-be8d97a34195,,40.714798687886166,39.40069802487918,38.65789975912004,33.08405496635317,SYN_U005
